filenames;labels
f_1_1320.9814827336656_1322.8508870463343_Beugro_2008_09_13_srt;A
f_1_146.96298364848212_148.50146742196787_Duna_Televizio;A
f_1_148.50146742196787_149.6521768707483_Duna_Televizio;A
f_1_149.6521768707483_151.32476341681584_Duna_Televizio;A
f_1_1929.943110806075_1931.0706043282928_Duna_Televizio;A
f_1_201.375515359973_202.44797260003975_Duna_Televizio;A
f_1_202.44797260003975_203.90771507803214_Duna_Televizio;A
f_1_271.53656341239895_272.6336717632174_Beugro_2008_09_13_srt;A
f_1_272.6336717632174_273.8571751219607_Beugro_2008_09_13_srt;A
f_1_520.8705451557614_521.420842115294_Duna_Televizio;A
f_1_856.1826867011981_857.4956939681771_Duna_Televizio;A
f_15_0.9107181764370752_1.8847418858696132_KNM0004maptask88;J
f_15_1753.2805029828046_1755.3491234963828_Beugro_2009_02_13_HUN_SDTV_XviD-SRT;J
f_15_1918.5538190908505_1919.5400218938355_Beugro_2009_02_13_HUN_SDTV_XviD-SRT;N
f_15_2356.8838564110406_2358.558157684018_Beugro_2009_02_13_HUN_SDTV_XviD-SRT;N
f_15_2358.558157684018_2360.281179138322_Beugro_2009_02_13_HUN_SDTV_XviD-SRT;N
f_15_2404.1884015483956_2405.967665863819_Beugro_2009_02_13_HUN_SDTV_XviD-SRT;N
f_15_319.0240846857144_320.7545692292083_Beugro_2009_02_13_HUN_SDTV_XviD-SRT;N
f_15_456.0741597293922_456.91536749359057_Beugro_2009_02_13_HUN_SDTV_XviD-SRT;N
f_18_1461.7480149452817_1463.4004543816964_Beugro_2009_03_06_HUN_TVRiP_XviD-SRT;A
f_18_1469.0762246198158_1470.6807672609718_Beugro_2009_03_06_HUN_TVRiP_XviD-SRT;A
f_18_1472.0937227210945_1473.3390393978127_Beugro_2009_03_06_HUN_TVRiP_XviD-SRT;A
f_18_1474.2251301100928_1475.6141371725862_Beugro_2009_03_06_HUN_TVRiP_XviD-SRT;A
f_18_430.3476400469205_431.9152827342773_Beugro_2009_03_06_HUN_TVRiP_XviD-SRT;A
f_19_1361.3068902725584_1362.3893079831516_Beugro_2009_03_13_HUN_TVRiP_XviD-SRT;A
f_19_1362.9665974288014_1363.6882092358637_Beugro_2009_03_13_HUN_TVRiP_XviD-SRT;A
f_19_2063.6256708835867_2064.8764646824943_Beugro_2009_03_13_HUN_TVRiP_XviD-SRT;A
f_19_2271.9132664969534_2272.80325439233_Beugro_2009_03_13_HUN_TVRiP_XviD-SRT;A
f_19_347.6650115004087_348.8305682685965_Beugro_2009_03_13_HUN_TVRiP_XviD-SRT;A
f_19_576.4902632134578_577.6087615144041_Beugro_2009_03_13_HUN_TVRiP_XviD-SRT;N
f_19_596.0041989314894_597.3872882283587_Beugro_2009_03_13_HUN_TVRiP_XviD-SRT;A
f_2_1160.9716482773829_1163.048764180348_Beugro_2008_09_20_HUN_SDTV_XviD;A
f_2_1532.972017647278_1534.9147319329925_Beugro_2008_09_20_HUN_SDTV_XviD;A
f_2_1539.4974102544882_1540.2305099849464_Beugro_2008_09_20_HUN_SDTV_XviD;N
f_2_1546.6261851508348_1547.6525247734764_Beugro_2008_09_20_HUN_SDTV_XviD;A
f_2_259.57205640839567_261.5758623383148_Beugro_2008_09_20_HUN_SDTV_XviD;A
f_2_540.4618672504217_541.8303200806105_Beugro_2008_09_20_HUN_SDTV_XviD;A
f_2_620.1272968760271_621.5690596792616_Beugro_2008_09_20_HUN_SDTV_XviD;A
f_2_630.5519949278157_631.3049837388303_Beugro_2008_09_20_HUN_SDTV_XviD;A
f_20_1169.8843611014277_1170.715597567744_Beugro_2009_03_20_HUN_TVRip_XviD;A
f_20_1171.0316262720044_1172.1875110631631_Beugro_2009_03_20_HUN_TVRip_XviD;A
f_20_1178.2096598352132_1179.4653709930885_Beugro_2009_03_20_HUN_TVRip_XviD;A
f_20_1183.0772583362982_1183.8723609035665_Beugro_2009_03_20_HUN_TVRip_XviD;A
f_20_1195.4146509474215_1197.0193851364986_Beugro_2009_03_20_HUN_TVRip_XviD;A
f_20_1197.0193851364986_1198.7007940674746_Beugro_2009_03_20_HUN_TVRip_XviD;A
f_20_1323.501389392103_1324.5324680068302_Beugro_2009_03_20_HUN_TVRip_XviD;N
f_20_1401.2431360516162_1402.637005206716_Beugro_2009_03_20_HUN_TVRip_XviD;A
f_20_1410.1556880955811_1411.8793370192377_Beugro_2009_03_20_HUN_TVRip_XviD;A
f_20_1421.2631717929255_1422.4032987840899_Beugro_2009_03_20_HUN_TVRip_XviD;N
f_20_1444.2741187787651_1447.0223678220414_Beugro_2009_03_20_HUN_TVRip_XviD;A
f_20_1514.9508824983545_1517.3811788607722_Beugro_2009_03_20_HUN_TVRip_XviD;A
f_20_1517.3811788607722_1519.9720243631577_Beugro_2009_03_20_HUN_TVRip_XviD;A
f_20_1537.301692463672_1540.2192097902712_Beugro_2009_03_20_HUN_TVRip_XviD;A
f_20_1558.4923634027632_1560.2834261631078_Beugro_2009_03_20_HUN_TVRip_XviD;J
f_20_1676.3798455893516_1678.5651674478852_Beugro_2009_03_20_HUN_TVRip_XviD;A
f_20_1689.6009396034103_1691.639822368331_Beugro_2009_03_20_HUN_TVRip_XviD;A
f_20_2128.3922093533993_2130.064261814534_Beugro_2009_03_20_HUN_TVRip_XviD;A
f_20_2132.9189855286663_2134.191376669822_Beugro_2009_03_20_HUN_TVRip_XviD;A
f_20_2163.704643196406_2164.965096861523_Beugro_2009_03_20_HUN_TVRip_XviD;A
f_20_2197.500981836636_2199.6659963673073_Beugro_2009_03_20_HUN_TVRip_XviD;A
f_20_2358.2028686285576_2361.1093264916503_Beugro_2009_03_20_HUN_TVRip_XviD;J
f_20_2362.9332770894075_2364.6830833539225_Beugro_2009_03_20_HUN_TVRip_XviD;J
f_20_2566.0437884824905_2567.4080442141467_Beugro_2009_03_20_HUN_TVRip_XviD;A
f_20_309.2845023976982_310.03119417727277_Beugro_2009_03_20_HUN_TVRip_XviD;A
f_20_313.26244895629617_313.9763413376899_Beugro_2009_03_20_HUN_TVRip_XviD;A
f_20_710.6239979865834_712.7817436726815_Beugro_2009_03_20_HUN_TVRip_XviD;N
f_20_769.5172176724774_771.13387952348_Beugro_2009_03_20_HUN_TVRip_XviD;N
f_21_1156.4923254272828_1158.5709457617531_Beugro_2009_04_03_HUN_TVRip_XviD;A
f_21_1259.1138126802182_1260.6456370423834_Beugro_2009_04_03_HUN_TVRip_XviD;A
f_21_1741.0430514603154_1742.210155736251_Beugro_2009_04_03_HUN_TVRip_XviD;A
f_21_1757.3456623093432_1759.87950711894_Beugro_2009_04_03_HUN_TVRip_XviD;A
f_21_1798.9143867247892_1800.0047078246762_Beugro_2009_04_03_HUN_TVRip_XviD;N
f_25_1775.2167169136567_1776.8966440250038_Beugro_2009_05_15_HUN_TVRip_XviD;N
f_25_2051.3099229431628_2052.434009196532_Beugro_2009_05_15_HUN_TVRip_XviD;A
f_25_2052.434009196532_2053.8016005276604_Beugro_2009_05_15_HUN_TVRip_XviD;A
f_25_2473.1069778492515_2475.0030127661776_Beugro_2009_05_15_HUN_TVRip_XviD;A
f_25_364.71161814747853_365.68908445475614_Beugro_2009_05_15_HUN_TVRip_XviD;A
f_25_470.06112234235167_471.25851856876676_Beugro_2009_05_15_HUN_TVRip_XviD;A
f_25_616.6083438380249_618.5632764525801_Beugro_2009_05_15_HUN_TVRip_XviD;A
f_25_650.8847787510958_651.9355550314193_Beugro_2009_05_15_HUN_TVRip_XviD;A
f_25_709.119673773351_710.1948867113564_Beugro_2009_05_15_HUN_TVRip_XviD;S
f_25_886.8378260780199_888.2795888812543_Beugro_2009_05_15_HUN_TVRip_XviD;A
f_25_889.1348719001222_890.3078314688554_Beugro_2009_05_15_HUN_TVRip_XviD;A
f_25_907.0110917974548_908.5994745467809_Beugro_2009_05_15_HUN_TVRip_XviD;A
f_25_908.5994745467809_910.2367306114709_Beugro_2009_05_15_HUN_TVRip_XviD;A
f_26_1260.7200568675166_1261.6555678467384_Beugro_2009_05_22_HUN_TVRip_XviD;A
f_26_1492.4266673804393_1493.1614512471656_Beugro_2009_05_22_HUN_TVRip_XviD;A
f_26_1648.4767806681232_1649.191553101686_Beugro_2009_05_22_HUN_TVRip_XviD;N
f_26_1795.7022747607568_1797.0745804988662_Beugro_2009_05_22_HUN_TVRip_XviD;A
f_26_1985.859471364344_1987.5833342923484_Beugro_2009_05_22_HUN_TVRip_XviD;A
f_26_389.65324260596606_390.40510337799105_Beugro_2009_05_22_HUN_TVRip_XviD;A
f_26_432.3481805239943_433.2266156555235_Beugro_2009_05_22_HUN_TVRip_XviD;A
f_26_452.70407866379_454.063547802135_Beugro_2009_05_22_HUN_TVRip_XviD;A
f_27_1411.172935864363_1412.9323752174626_Beugro_2009_05_29_HUN_TVRip_XviD;A
f_27_632.9564464683248_633.9094761179205_Beugro_2009_05_29_HUN_TVRip_XviD;A
f_27_908.0035456783844_909.8851683198939_Beugro_2009_05_29_HUN_TVRip_XviD;A
f_28_1216.4206561086635_1217.4103407447822_Beugro_2009_06_05_HUN_TVRip_XviD;N
f_28_1329.9215254234457_1330.9112100595642_Beugro_2009_06_05_HUN_TVRip_XviD;A
f_28_1353.8765324296987_1355.0372736695908_Beugro_2009_06_05_HUN_TVRip_XviD;A
f_28_1568.197927039385_1569.1998300043444_Beugro_2009_06_05_HUN_TVRip_XviD;A
f_28_2439.7921864780433_2440.7940894430026_Beugro_2009_06_05_HUN_TVRip_XviD;A
f_28_2887.2507451598417_2888.778036264963_Beugro_2009_06_05_HUN_TVRip_XviD;A
f_28_294.112354123444_295.41100557572616_Beugro_2009_06_05_HUN_TVRip_XviD;A
f_28_318.8428455653527_319.9521103475104_Beugro_2009_06_05_HUN_TVRip_XviD;A
f_28_319.9521103475104_321.56714285714287_Beugro_2009_06_05_HUN_TVRip_XviD;A
f_28_519.6311663820574_520.957052154195_Beugro_2009_06_05_HUN_TVRip_XviD;N
f_28_653.7695179590248_655.437701777521_Beugro_2009_06_05_HUN_TVRip_XviD;A
f_28_711.0993469839094_712.7871856410344_Beugro_2009_06_05_HUN_TVRip_XviD;A
f_28_712.7871856410344_713.6100453514739_Beugro_2009_06_05_HUN_TVRip_XviD;A
f_3_2060.6797670781666_2062.130653005273_Beugro_2008_09_27_HUN_SDTV_XviD;A
f_3_613.9066885797381_614.5319884247018_Beugro_2008_09_27_HUN_SDTV_XviD;A
f_31_1511.6642784175592_1512.794473835349_Beugro_2009_10_30_HUN_TVRip_XviD;A
f_31_1856.1235409741007_1856.6611474431034_Beugro_2009_10_30_HUN_TVRip_XviD;A
f_31_1857.3453738581977_1859.0192849094105_Beugro_2009_10_30_HUN_TVRip_XviD;A
f_31_1902.935501817334_1903.7663481785198_Beugro_2009_10_30_HUN_TVRip_XviD;N
f_31_1903.8763131380886_1904.6949411704336_Beugro_2009_10_30_HUN_TVRip_XviD;N
f_31_440.594749803257_442.03651260649144_Beugro_2009_10_30_HUN_TVRip_XviD;A
f_31_450.9140411025204_451.9525990540029_Beugro_2009_10_30_HUN_TVRip_XviD;A
f_31_466.51068567776_468.63667489608883_Beugro_2009_10_30_HUN_TVRip_XviD;A
f_31_469.78519780714004_471.3705259742559_Beugro_2009_10_30_HUN_TVRip_XviD;A
f_31_560.1825685950464_561.99088126351_Beugro_2009_10_30_HUN_TVRip_XviD;A
f_31_661.295510807921_662.2556462777761_Beugro_2009_10_30_HUN_TVRip_XviD;A
f_31_662.2556462777761_663.9648498472009_Beugro_2009_10_30_HUN_TVRip_XviD;A
f_35_1037.1092231101482_1038.8508843537416_Beugro_2009_11_27_HUN_TVRip_XviD;N
f_35_1040.498808423715_1042.1822405984783_Beugro_2009_11_27_HUN_TVRip_XviD;N
f_35_246.17309646285676_248.12581692598604_Beugro_2009_11_27_HUN_TVRip_XviD;N
f_36_1690.5609357153624_1691.763819644225_Beugro_2009_12_04_HUN_TVRip_XviD;N
f_36_612.882438369487_614.4444837602421_Beugro_2009_12_04_HUN_TVRip_XviD;A
f_36_676.673308967504_677.6711021443804_Beugro_2009_12_04_HUN_TVRip_XviD;A
f_36_677.6711021443804_679.2838582336306_Beugro_2009_12_04_HUN_TVRip_XviD;A
f_38_1011.6342144159055_1012.7583006692747_Beugro_2009_12_11_HUN_TVRip_XviD_22kHz_mono;N
f_38_1025.4160379481248_1026.7600541206316_Beugro_2009_12_11_HUN_TVRip_XviD_22kHz_mono;N
f_38_1028.1353865883818_1029.0727874648935_Beugro_2009_12_11_HUN_TVRip_XviD_22kHz_mono;A
f_38_1130.2860342117724_1131.7844984772028_Beugro_2009_12_11_HUN_TVRip_XviD_22kHz_mono;N
f_38_1146.9368281980458_1148.549647605054_Beugro_2009_12_11_HUN_TVRip_XviD_22kHz_mono;N
f_38_1160.9874549647668_1163.2111908138234_Beugro_2009_12_11_HUN_TVRip_XviD_22kHz_mono;A
f_38_1165.9480964742006_1168.294015611667_Beugro_2009_12_11_HUN_TVRip_XviD_22kHz_mono;A
f_38_1172.699923219387_1174.6304191762604_Beugro_2009_12_11_HUN_TVRip_XviD_22kHz_mono;A
f_38_1191.617100181289_1193.5964694535264_Beugro_2009_12_11_HUN_TVRip_XviD_22kHz_mono;A
f_38_1204.735478639621_1206.3482980466292_Beugro_2009_12_11_HUN_TVRip_XviD_22kHz_mono;A
f_38_129.2731586903345_130.50110073885202_Beugro_2009_12_11_HUN_TVRip_XviD_22kHz_mono;S
f_38_133.15287858685258_134.085487528345_Beugro_2009_12_11_HUN_TVRip_XviD_22kHz_mono;N
f_38_1525.4892232766504_1526.442252926247_Beugro_2009_12_11_HUN_TVRip_XviD_22kHz_mono;N
f_38_1548.163936846657_1549.9478128574403_Beugro_2009_12_11_HUN_TVRip_XviD_22kHz_mono;N
f_38_155.69554747663045_156.89905286746602_Beugro_2009_12_11_HUN_TVRip_XviD_22kHz_mono;N
f_38_1550.5220743129666_1550.851969191673_Beugro_2009_12_11_HUN_TVRip_XviD_22kHz_mono;N
f_38_1556.2306625189553_1556.7927056456404_Beugro_2009_12_11_HUN_TVRip_XviD_22kHz_mono;N
f_38_1578.30317460317_1579.410517544857_Beugro_2009_12_11_HUN_TVRip_XviD_22kHz_mono;N
f_38_1579.410517544857_1580.12902494331_Beugro_2009_12_11_HUN_TVRip_XviD_22kHz_mono;N
f_38_1580.13900226757_1580.878317555834_Beugro_2009_12_11_HUN_TVRip_XviD_22kHz_mono;N
f_38_1598.8372075936245_1599.5703073240827_Beugro_2009_12_11_HUN_TVRip_XviD_22kHz_mono;A
f_38_1599.5703073240827_1601.109816758045_Beugro_2009_12_11_HUN_TVRip_XviD_22kHz_mono;A
f_38_1624.098551561446_1625.0271445533597_Beugro_2009_12_11_HUN_TVRip_XviD_22kHz_mono;N
f_38_164.45963172198276_165.91972201847872_Beugro_2009_12_11_HUN_TVRip_XviD_22kHz_mono;N
f_38_1644.5646019486965_1645.981928094249_Beugro_2009_12_11_HUN_TVRip_XviD_22kHz_mono;N
f_38_1645.981928094249_1646.861647770799_Beugro_2009_12_11_HUN_TVRip_XviD_22kHz_mono;N
f_38_1667.4368607306178_1668.4632003532595_Beugro_2009_12_11_HUN_TVRip_XviD_22kHz_mono;N
f_38_167.33510765569486_168.04377072847114_Beugro_2009_12_11_HUN_TVRip_XviD_22kHz_mono;N
f_38_169.77826008428013_171.60022675737_Beugro_2009_12_11_HUN_TVRip_XviD_22kHz_mono;N
f_38_1692.0603968927042_1693.0500815288228_Beugro_2009_12_11_HUN_TVRip_XviD_22kHz_mono;N
f_38_1694.573491617271_1695.4654296226618_Beugro_2009_12_11_HUN_TVRip_XviD_22kHz_mono;N
f_38_1704.5481028390184_1706.0753939441397_Beugro_2009_12_11_HUN_TVRip_XviD_22kHz_mono;N
f_38_171.789795918367_172.81114712419728_Beugro_2009_12_11_HUN_TVRip_XviD_22kHz_mono;N
f_38_1713.6440224714129_1714.4259955172352_Beugro_2009_12_11_HUN_TVRip_XviD_22kHz_mono;N
f_38_1724.8422942354946_1726.1863104080014_Beugro_2009_12_11_HUN_TVRip_XviD_22kHz_mono;N
f_38_1748.290642131179_1749.2558901096158_Beugro_2009_12_11_HUN_TVRip_XviD_22kHz_mono;N
f_38_1750.4982786347223_1751.463526613159_Beugro_2009_12_11_HUN_TVRip_XviD_22kHz_mono;N
f_38_1751.891168122593_1752.5876128665282_Beugro_2009_12_11_HUN_TVRip_XviD_22kHz_mono;N
f_38_1762.984158330779_1764.0960262553074_Beugro_2009_12_11_HUN_TVRip_XviD_22kHz_mono;N
f_38_177.85434974796405_180.57903707950044_Beugro_2009_12_11_HUN_TVRip_XviD_22kHz_mono;N
f_38_1792.4090980959156_1793.23469387755_Beugro_2009_12_11_HUN_TVRip_XviD_22kHz_mono;N
f_38_1794.4033143342515_1795.1364140647097_Beugro_2009_12_11_HUN_TVRip_XviD_22kHz_mono;N
f_38_1795.1364140647097_1796.1505353585103_Beugro_2009_12_11_HUN_TVRip_XviD_22kHz_mono;N
f_38_1796.737015142877_1797.7022631213135_Beugro_2009_12_11_HUN_TVRip_XviD_22kHz_mono;N
f_38_1801.0500852237394_1801.6732199946289_Beugro_2009_12_11_HUN_TVRip_XviD_22kHz_mono;N
f_38_1809.1646575321838_1810.362053758599_Beugro_2009_12_11_HUN_TVRip_XviD_22kHz_mono;N
f_38_1816.27233560091_1817.8591999710643_Beugro_2009_12_11_HUN_TVRip_XviD_22kHz_mono;N
f_38_1819.0555695182618_1819.813105906402_Beugro_2009_12_11_HUN_TVRip_XviD_22kHz_mono;N
f_38_1827.4617797608494_1828.2681894643536_Beugro_2009_12_11_HUN_TVRip_XviD_22kHz_mono;A
f_38_1828.488119383491_1829.57210884354_Beugro_2009_12_11_HUN_TVRip_XviD_22kHz_mono;A
f_38_185.41452811297071_186.22093781647473_Beugro_2009_12_11_HUN_TVRip_XviD_22kHz_mono;J
f_38_191.22463111626342_192.15322410817717_Beugro_2009_12_11_HUN_TVRip_XviD_22kHz_mono;N
f_38_194.009297052154_195.186621315193_Beugro_2009_12_11_HUN_TVRip_XviD_22kHz_mono;N
f_38_197.10153443867142_197.99958160848274_Beugro_2009_12_11_HUN_TVRip_XviD_22kHz_mono;J
f_38_199.73641196213816_200.48033135682027_Beugro_2009_12_11_HUN_TVRip_XviD_22kHz_mono;N
f_38_200.48033135682027_201.50806964407883_Beugro_2009_12_11_HUN_TVRip_XviD_22kHz_mono;N
f_38_2012.9400605751953_2014.1741117881334_Beugro_2009_12_11_HUN_TVRip_XviD_22kHz_mono;N
f_38_2034.5678788815553_2035.6553101484017_Beugro_2009_12_11_HUN_TVRip_XviD_22kHz_mono;N
f_38_2038.9909139219865_2039.9561619004232_Beugro_2009_12_11_HUN_TVRip_XviD_22kHz_mono;N
f_38_205.30317506782902_206.151700680272_Beugro_2009_12_11_HUN_TVRip_XviD_22kHz_mono;N
f_38_2056.334780800859_2057.165627162045_Beugro_2009_12_11_HUN_TVRip_XviD_22kHz_mono;N
f_38_2070.1883123480848_2071.1413419976802_Beugro_2009_12_11_HUN_TVRip_XviD_22kHz_mono;N
f_38_2113.428874886529_2115.2860608703563_Beugro_2009_12_11_HUN_TVRip_XviD_22kHz_mono;N
f_38_2149.410949114416_2150.559472025467_Beugro_2009_12_11_HUN_TVRip_XviD_22kHz_mono;N
f_38_2150.559472025467_2152.23338307668_Beugro_2009_12_11_HUN_TVRip_XviD_22kHz_mono;N
f_38_2152.23338307668_2152.9909194648208_Beugro_2009_12_11_HUN_TVRip_XviD_22kHz_mono;N
f_38_2153.4307793030957_2154.90272108844_Beugro_2009_12_11_HUN_TVRip_XviD_22kHz_mono;N
f_38_2155.4673592028644_2156.8235937042123_Beugro_2009_12_11_HUN_TVRip_XviD_22kHz_mono;N
f_38_2156.8235937042123_2157.703313380762_Beugro_2009_12_11_HUN_TVRip_XviD_22kHz_mono;N
f_38_2157.703313380762_2158.583033057312_Beugro_2009_12_11_HUN_TVRip_XviD_22kHz_mono;N
f_38_2158.583033057312_2159.6949009818404_Beugro_2009_12_11_HUN_TVRip_XviD_22kHz_mono;N
f_38_2202.3170121530675_2203.1600768430944_Beugro_2009_12_11_HUN_TVRip_XviD_22kHz_mono;N
f_38_2209.1101772884494_2210.4175384744335_Beugro_2009_12_11_HUN_TVRip_XviD_22kHz_mono;N
f_38_222.93143118710773_224.20723862090452_Beugro_2009_12_11_HUN_TVRip_XviD_22kHz_mono;N
f_38_2225.4710948853312_2226.069792998539_Beugro_2009_12_11_HUN_TVRip_XviD_22kHz_mono;A
f_38_224.65581883280822_225.5172110160966_Beugro_2009_12_11_HUN_TVRip_XviD_22kHz_mono;N
f_38_2241.9513414331677_2242.953244398127_Beugro_2009_12_11_HUN_TVRip_XviD_22kHz_mono;N
f_38_2242.953244398127_2244.236168926429_Beugro_2009_12_11_HUN_TVRip_XviD_22kHz_mono;N
f_38_2244.5538454762946_2245.7756783603913_Beugro_2009_12_11_HUN_TVRip_XviD_22kHz_mono;N
f_38_226.87904043204563_228.01534501425581_Beugro_2009_12_11_HUN_TVRip_XviD_22kHz_mono;N
f_38_238.25876087848437_238.93076896473772_Beugro_2009_12_11_HUN_TVRip_XviD_22kHz_mono;N
f_38_239.81557112649054_242.169841269841_Beugro_2009_12_11_HUN_TVRip_XviD_22kHz_mono;N
f_38_254.811111111111_255.439682539683_Beugro_2009_12_11_HUN_TVRip_XviD_22kHz_mono;N
f_38_2684.9260610450456_2686.3189505329165_Beugro_2009_12_11_HUN_TVRip_XviD_22kHz_mono;N
f_38_2686.3189505329165_2687.5652200746954_Beugro_2009_12_11_HUN_TVRip_XviD_22kHz_mono;N
f_38_2688.493813066609_2690.4243090234827_Beugro_2009_12_11_HUN_TVRip_XviD_22kHz_mono;N
f_38_2694.0472183141424_2695.1713045675115_Beugro_2009_12_11_HUN_TVRip_XviD_22kHz_mono;N
f_38_2717.0895084286003_2718.421306272266_Beugro_2009_12_11_HUN_TVRip_XviD_22kHz_mono;N
f_38_2757.2135975415567_2757.873387298969_Beugro_2009_12_11_HUN_TVRip_XviD_22kHz_mono;N
f_38_277.24308329750454_278.008390022676_Beugro_2009_12_11_HUN_TVRip_XviD_22kHz_mono;N
f_38_279.7839823568175_280.91179138322_Beugro_2009_12_11_HUN_TVRip_XviD_22kHz_mono;N
f_38_283.4865350771614_283.895011337868_Beugro_2009_12_11_HUN_TVRip_XviD_22kHz_mono;N
f_38_284.078097346731_285.03112699632663_Beugro_2009_12_11_HUN_TVRip_XviD_22kHz_mono;A
f_38_292.09789021200163_292.6965883252091_Beugro_2009_12_11_HUN_TVRip_XviD_22kHz_mono;N
f_38_300.1594205489981_301.385260770975_Beugro_2009_12_11_HUN_TVRip_XviD_22kHz_mono;N
f_38_301.73363649865314_302.50533968646437_Beugro_2009_12_11_HUN_TVRip_XviD_22kHz_mono;N
f_38_312.6720750846228_313.4845939525473_Beugro_2009_12_11_HUN_TVRip_XviD_22kHz_mono;N
f_38_313.4845939525473_314.19936618974407_Beugro_2009_12_11_HUN_TVRip_XviD_22kHz_mono;N
f_38_321.50010249567487_322.78302702397673_Beugro_2009_12_11_HUN_TVRip_XviD_22kHz_mono;N
f_38_322.78302702397673_323.9682049215508_Beugro_2009_12_11_HUN_TVRip_XviD_22kHz_mono;N
f_38_325.7431174304567_326.38843537415_Beugro_2009_12_11_HUN_TVRip_XviD_22kHz_mono;N
f_38_327.17664399093_327.8892618002847_Beugro_2009_12_11_HUN_TVRip_XviD_22kHz_mono;N
f_38_327.99922675985346_328.822902494331_Beugro_2009_12_11_HUN_TVRip_XviD_22kHz_mono;N
f_38_346.1829035017877_347.620181405896_Beugro_2009_12_11_HUN_TVRip_XviD_22kHz_mono;N
f_38_349.0536974398069_349.7684696770037_Beugro_2009_12_11_HUN_TVRip_XviD_22kHz_mono;A
f_38_354.31785666192854_355.0757935395788_Beugro_2009_12_11_HUN_TVRip_XviD_22kHz_mono;N
f_38_355.0757935395788_356.43202804092647_Beugro_2009_12_11_HUN_TVRip_XviD_22kHz_mono;N
f_38_356.9362329423914_360.9334541316264_Beugro_2009_12_11_HUN_TVRip_XviD_22kHz_mono;N
f_38_360.9334541316264_361.2890999866434_Beugro_2009_12_11_HUN_TVRip_XviD_22kHz_mono;N
f_38_368.92686842289856_370.27505325148934_Beugro_2009_12_11_HUN_TVRip_XviD_22kHz_mono;N
f_38_388.2764789240663_388.8324128863304_Beugro_2009_12_11_HUN_TVRip_XviD_22kHz_mono;N
f_38_418.84836687941015_420.0335447769843_Beugro_2009_12_11_HUN_TVRip_XviD_22kHz_mono;N
f_38_424.5985748194545_425.2828012345488_Beugro_2009_12_11_HUN_TVRip_XviD_22kHz_mono;N
f_38_443.8933317424649_445.59857495125215_Beugro_2009_12_11_HUN_TVRip_XviD_22kHz_mono;A
f_38_459.2961349867349_459.8093047980557_Beugro_2009_12_11_HUN_TVRip_XviD_22kHz_mono;N
f_38_462.5621009995112_463.68313267067026_Beugro_2009_12_11_HUN_TVRip_XviD_22kHz_mono;A
f_38_486.08664196344716_486.75254088528004_Beugro_2009_12_11_HUN_TVRip_XviD_22kHz_mono;J
f_38_489.66183295584165_490.93864831972303_Beugro_2009_12_11_HUN_TVRip_XviD_22kHz_mono;N
f_38_499.6837280949341_501.45844035908505_Beugro_2009_12_11_HUN_TVRip_XviD_22kHz_mono;A
f_38_603.0800054854993_605.3923242186529_Beugro_2009_12_11_HUN_TVRip_XviD_22kHz_mono;N
f_38_605.3923242186529_608.7626523262854_Beugro_2009_12_11_HUN_TVRip_XviD_22kHz_mono;N
f_38_636.5117890013455_639.018635669717_Beugro_2009_12_11_HUN_TVRip_XviD_22kHz_mono;A
f_38_645.6309521589736_646.351247165533_Beugro_2009_12_11_HUN_TVRip_XviD_22kHz_mono;N
f_38_648.6299969085653_649.7113190109911_Beugro_2009_12_11_HUN_TVRip_XviD_22kHz_mono;N
f_38_649.9801222454926_651.1897368007485_Beugro_2009_12_11_HUN_TVRip_XviD_22kHz_mono;N
f_38_651.337479268595_653.5276147133388_Beugro_2009_12_11_HUN_TVRip_XviD_22kHz_mono;N
f_38_653.7775841548709_654.602494331066_Beugro_2009_12_11_HUN_TVRip_XviD_22kHz_mono;N
f_38_655.1890070126784_656.7407347754817_Beugro_2009_12_11_HUN_TVRip_XviD_22kHz_mono;N
f_38_656.7407347754817_658.2301524179885_Beugro_2009_12_11_HUN_TVRip_XviD_22kHz_mono;N
f_38_658.2301524179885_659.6514511988107_Beugro_2009_12_11_HUN_TVRip_XviD_22kHz_mono;J
f_38_824.2705081142086_825.1270881817321_Beugro_2009_12_11_HUN_TVRip_XviD_22kHz_mono;A
f_38_928.779365079365_929.7592475487162_Beugro_2009_12_11_HUN_TVRip_XviD_22kHz_mono;N
f_38_929.7592475487162_930.774829931973_Beugro_2009_12_11_HUN_TVRip_XviD_22kHz_mono;N
f_38_932.810204081633_934.266893424036_Beugro_2009_12_11_HUN_TVRip_XviD_22kHz_mono;N
f_38_934.69434896844_937.1135780789521_Beugro_2009_12_11_HUN_TVRip_XviD_22kHz_mono;N
f_38_937.1135780789521_938.636961451247_Beugro_2009_12_11_HUN_TVRip_XviD_22kHz_mono;N
f_38_939.215130639599_940.293197278912_Beugro_2009_12_11_HUN_TVRip_XviD_22kHz_mono;N
f_38_964.8201897730079_965.6754727918758_Beugro_2009_12_11_HUN_TVRip_XviD_22kHz_mono;N
f_38_965.6754727918758_966.7262490721992_Beugro_2009_12_11_HUN_TVRip_XviD_22kHz_mono;N
f_38_967.0194889643825_968.109977324263_Beugro_2009_12_11_HUN_TVRip_XviD_22kHz_mono;N
f_38_972.126750419908_973.2019633579134_Beugro_2009_12_11_HUN_TVRip_XviD_22kHz_mono;N
f_39_1828.1377170985247_1829.0105333351178_SZOSZ_-_2009__december_6_2;N
f_39_196.8300031841922_198.75703949724655_SZOSZ_-_2009__december_6_2;N
f_39_239.47948951291022_240.75152333532048_SZOSZ_-_2009__december_6_2;N
f_39_318.64615698555224_319.9577285312901_SZOSZ_-_2009__december_6_2;A
f_39_449.2782124514382_450.7228419800771_SZOSZ_-_2009__december_6_2;N
f_39_466.6647544888555_467.81950769760294_SZOSZ_-_2009__december_6_2;N
f_39_476.5320350761723_478.05744980871526_SZOSZ_-_2009__december_6_2;N
f_39_547.2866408378903_548.0944928769318_SZOSZ_-_2009__december_6_2;A
f_39_583.8409078387989_585.2285125176229_SZOSZ_-_2009__december_6_2;A
f_39_596.141135235994_597.1010535412079_SZOSZ_-_2009__december_6_2;A
f_39_644.7535853758013_646.19821490444_SZOSZ_-_2009__december_6_2;A
f_4_1422.4485201904044_1423.2549298939086_Beugro_2008_10_04_HUN_SDTV_XviD;A
f_4_1515.6187204011858_1516.6206233661453_Beugro_2008_10_04_HUN_SDTV_XviD;N
f_4_1994.3313300473953_1995.2647435518577_Beugro_2008_10_04_HUN_SDTV_XviD;A
f_4_2000.3008633615616_2001.8863321656718_Beugro_2008_10_04_HUN_SDTV_XviD;A
f_40_570.5917239979619_571.8288297931102_SZOSZ_-_A_nyelvi_illem;A
f_40_636.6292263951322_638.2787007886632_SZOSZ_-_A_nyelvi_illem;J
f_40_678.2863452503258_680.1316947280886_SZOSZ_-_A_nyelvi_illem;N
f_40_680.2038592328057_682.1213732152855_SZOSZ_-_A_nyelvi_illem;N
f_40_682.3584851593556_683.8017752536954_SZOSZ_-_A_nyelvi_illem;N
f_40_740.5906389928741_743.3741270319579_SZOSZ_-_A_nyelvi_illem;N
f_41_764.7624367546283_767.0990829806249_SZOSZ_-_Ferditesek_es_forditasok;N
f_41_767.0990829806249_768.3234646737116_SZOSZ_-_Ferditesek_es_forditasok;N
f_41_768.3234646737116_769.1556956465926_SZOSZ_-_Ferditesek_es_forditasok;N
f_41_781.6946419674389_783.2544572355281_SZOSZ_-_Ferditesek_es_forditasok;N
f_42_1023.8419689776985_1025.1859851502052_SZOSZ_-_Kozhelyek_es_kozmondasok;N
f_42_120.91439051540066_122.3317166609532_SZOSZ_-_Kozhelyek_es_kozmondasok;N
f_42_122.84488647227397_125.01974900596669_SZOSZ_-_Kozhelyek_es_kozmondasok;N
f_42_129.30918668880062_130.60432954594347_SZOSZ_-_Kozhelyek_es_kozmondasok;N
f_42_1769.2898941699318_1771.391446730579_SZOSZ_-_Kozhelyek_es_kozmondasok;N
f_42_1843.4440224697303_1845.1057151921025_SZOSZ_-_Kozhelyek_es_kozmondasok;N
f_42_1952.9139466778531_1955.0643725538641_SZOSZ_-_Kozhelyek_es_kozmondasok;N
f_42_2058.397037906869_2061.0117602788373_SZOSZ_-_Kozhelyek_es_kozmondasok;N
f_42_2101.836777496449_2104.1826966339154_SZOSZ_-_Kozhelyek_es_kozmondasok;N
f_42_2104.1826966339154_2106.748545690519_SZOSZ_-_Kozhelyek_es_kozmondasok;N
f_42_2106.748545690519_2108.0192518899803_SZOSZ_-_Kozhelyek_es_kozmondasok;N
f_42_2108.0192518899803_2109.2410847740775_SZOSZ_-_Kozhelyek_es_kozmondasok;N
f_42_2117.957215274292_2119.789964600438_SZOSZ_-_Kozhelyek_es_kozmondasok;N
f_42_2120.1638300195673_2121.727776111212_SZOSZ_-_Kozhelyek_es_kozmondasok;N
f_42_2298.2921245450334_2299.538394086813_SZOSZ_-_Kozhelyek_es_kozmondasok;N
f_42_2402.4254925669493_2403.8249522910664_SZOSZ_-_Kozhelyek_es_kozmondasok;N
f_42_2405.4809202742654_2407.0928941842003_SZOSZ_-_Kozhelyek_es_kozmondasok;N
f_42_2465.6454615520697_2466.4963485416697_SZOSZ_-_Kozhelyek_es_kozmondasok;N
f_42_2467.91807071649_2470.630539719186_SZOSZ_-_Kozhelyek_es_kozmondasok;N
f_42_2503.6773842400394_2505.5834435392308_SZOSZ_-_Kozhelyek_es_kozmondasok;N
f_42_2505.5834435392308_2507.8560527036516_SZOSZ_-_Kozhelyek_es_kozmondasok;N
f_42_2584.863562917643_2587.2583553704735_SZOSZ_-_Kozhelyek_es_kozmondasok;N
f_42_2650.111774490365_2651.724593897373_SZOSZ_-_Kozhelyek_es_kozmondasok;N
f_42_2699.4106048890167_2701.2189175574804_SZOSZ_-_Kozhelyek_es_kozmondasok;N
f_42_351.1011424400035_352.3474119817825_SZOSZ_-_Kozhelyek_es_kozmondasok;N
f_42_391.4223537045448_393.01073645387095_SZOSZ_-_Kozhelyek_es_kozmondasok;N
f_42_393.01073645387095_394.89235909538036_SZOSZ_-_Kozhelyek_es_kozmondasok;N
f_42_397.36046152125635_399.4864507395852_SZOSZ_-_Kozhelyek_es_kozmondasok;N
f_42_402.2233563999626_404.3982189336553_SZOSZ_-_Kozhelyek_es_kozmondasok;N
f_42_412.6199092456381_413.7928688143713_SZOSZ_-_Kozhelyek_es_kozmondasok;N
f_42_413.7928688143713_416.01660466342787_SZOSZ_-_Kozhelyek_es_kozmondasok;N
f_42_416.21736272207784_417.6835621829943_SZOSZ_-_Kozhelyek_es_kozmondasok;N
f_42_436.5783648673915_438.1911842743996_SZOSZ_-_Kozhelyek_es_kozmondasok;N
f_42_438.53329748194676_440.75703333100336_SZOSZ_-_Kozhelyek_es_kozmondasok;N
f_42_461.9525396144531_463.6875423098709_SZOSZ_-_Kozhelyek_es_kozmondasok;N
f_42_463.6875423098709_464.2984587519194_SZOSZ_-_Kozhelyek_es_kozmondasok;N
f_42_465.1048684554234_466.61994123170376_SZOSZ_-_Kozhelyek_es_kozmondasok;N
f_42_466.61994123170376_468.47712721553125_SZOSZ_-_Kozhelyek_es_kozmondasok;N
f_42_468.47712721553125_469.60121346890054_SZOSZ_-_Kozhelyek_es_kozmondasok;N
f_42_511.72137354365554_513.3097562929817_SZOSZ_-_Kozhelyek_es_kozmondasok;N
f_42_513.3097562929817_515.3135622229008_SZOSZ_-_Kozhelyek_es_kozmondasok;N
f_42_520.5674436245182_524.2329422768094_SZOSZ_-_Kozhelyek_es_kozmondasok;N
f_42_563.7872532949602_564.4959163677365_SZOSZ_-_Kozhelyek_es_kozmondasok;N
f_42_628.1594014690195_629.7722208760276_SZOSZ_-_Kozhelyek_es_kozmondasok;N
f_42_813.396273383949_816.2797989904182_SZOSZ_-_Kozhelyek_es_kozmondasok;N
f_42_828.2439557046881_829.2910742080613_SZOSZ_-_Kozhelyek_es_kozmondasok;N
f_42_829.2910742080613_830.7609314459281_SZOSZ_-_Kozhelyek_es_kozmondasok;N
f_42_831.1482601918888_832.0279798684387_SZOSZ_-_Kozhelyek_es_kozmondasok;N
f_42_832.0279798684387_833.4208693563094_SZOSZ_-_Kozhelyek_es_kozmondasok;N
f_42_833.6424077947534_835.6950870400365_SZOSZ_-_Kozhelyek_es_kozmondasok;N
f_42_889.8344249173559_890.7630179092697_SZOSZ_-_Kozhelyek_es_kozmondasok;N
f_42_894.949001926782_898.0280207947067_SZOSZ_-_Kozhelyek_es_kozmondasok;N
f_42_902.451055835138_904.1616218728739_SZOSZ_-_Kozhelyek_es_kozmondasok;N
f_42_934.7949443178096_937.7273432396426_SZOSZ_-_Kozhelyek_es_kozmondasok;N
f_42_937.7273432396426_939.5845292234701_SZOSZ_-_Kozhelyek_es_kozmondasok;N
f_48_1469.1657219685528_1471.0658077056616_SZOSZ_2__resz_-_A_magyar_irasbeliseg_a_kodextol_az_SMS-ig;N
f_48_1471.0658077056616_1472.7899894155253_SZOSZ_2__resz_-_A_magyar_irasbeliseg_a_kodextol_az_SMS-ig;N
f_48_1472.7899894155253_1473.8679912849461_SZOSZ_2__resz_-_A_magyar_irasbeliseg_a_kodextol_az_SMS-ig;N
f_48_1830.2033878568193_1831.6025189164627_SZOSZ_2__resz_-_A_magyar_irasbeliseg_a_kodextol_az_SMS-ig;N
f_48_1882.4636812568358_1884.2161282406316_SZOSZ_2__resz_-_A_magyar_irasbeliseg_a_kodextol_az_SMS-ig;N
f_48_1886.3464890798414_1887.519497948027_SZOSZ_2__resz_-_A_magyar_irasbeliseg_a_kodextol_az_SMS-ig;N
f_48_1889.2578122948566_1890.9819940047203_SZOSZ_2__resz_-_A_magyar_irasbeliseg_a_kodextol_az_SMS-ig;N
f_48_2242.297721015173_2243.025551822007_SZOSZ_2__resz_-_A_magyar_irasbeliseg_a_kodextol_az_SMS-ig;S
f_48_2356.828800601944_2358.9345635188015_SZOSZ_2__resz_-_A_magyar_irasbeliseg_a_kodextol_az_SMS-ig;N
f_48_2359.22061522404_2361.6726277480325_SZOSZ_2__resz_-_A_magyar_irasbeliseg_a_kodextol_az_SMS-ig;N
f_48_2653.2365494700257_2654.8406037724644_SZOSZ_2__resz_-_A_magyar_irasbeliseg_a_kodextol_az_SMS-ig;N
f_48_2655.0525933278527_2656.833305593115_SZOSZ_2__resz_-_A_magyar_irasbeliseg_a_kodextol_az_SMS-ig;N
f_48_2657.9709828736995_2659.8859551907076_SZOSZ_2__resz_-_A_magyar_irasbeliseg_a_kodextol_az_SMS-ig;N
f_48_312.9428225966444_313.92756474018665_SZOSZ_2__resz_-_A_magyar_irasbeliseg_a_kodextol_az_SMS-ig;N
f_48_313.92756474018665_315.83908417787626_SZOSZ_2__resz_-_A_magyar_irasbeliseg_a_kodextol_az_SMS-ig;N
f_48_325.51550402340354_326.79736664129035_SZOSZ_2__resz_-_A_magyar_irasbeliseg_a_kodextol_az_SMS-ig;N
f_48_347.2236581136726_348.31875929054286_SZOSZ_2__resz_-_A_magyar_irasbeliseg_a_kodextol_az_SMS-ig;N
f_48_348.31875929054286_349.2746649339351_SZOSZ_2__resz_-_A_magyar_irasbeliseg_a_kodextol_az_SMS-ig;N
f_48_353.8411201914764_355.4498153311423_SZOSZ_2__resz_-_A_magyar_irasbeliseg_a_kodextol_az_SMS-ig;N
f_48_355.872675625099_357.49778155468306_SZOSZ_2__resz_-_A_magyar_irasbeliseg_a_kodextol_az_SMS-ig;N
f_48_358.4728451124335_360.0851595501492_SZOSZ_2__resz_-_A_magyar_irasbeliseg_a_kodextol_az_SMS-ig;N
f_48_360.0851595501492_361.6683872205856_SZOSZ_2__resz_-_A_magyar_irasbeliseg_a_kodextol_az_SMS-ig;N
f_48_361.6683872205856_363.8054530013258_SZOSZ_2__resz_-_A_magyar_irasbeliseg_a_kodextol_az_SMS-ig;N
f_48_451.83618677152606_453.1222939676178_SZOSZ_2__resz_-_A_magyar_irasbeliseg_a_kodextol_az_SMS-ig;N
f_48_576.2442888373018_578.5193827551409_SZOSZ_2__resz_-_A_magyar_irasbeliseg_a_kodextol_az_SMS-ig;N
f_48_581.1956416289191_583.6612910260078_SZOSZ_2__resz_-_A_magyar_irasbeliseg_a_kodextol_az_SMS-ig;N
f_48_584.8673349343956_586.0473276753643_SZOSZ_2__resz_-_A_magyar_irasbeliseg_a_kodextol_az_SMS-ig;N
f_48_586.5312095907256_587.6093324547761_SZOSZ_2__resz_-_A_magyar_irasbeliseg_a_kodextol_az_SMS-ig;N
f_48_715.6379971538965_716.754475474218_SZOSZ_2__resz_-_A_magyar_irasbeliseg_a_kodextol_az_SMS-ig;N
f_48_718.3726624068358_719.85183703383_SZOSZ_2__resz_-_A_magyar_irasbeliseg_a_kodextol_az_SMS-ig;N
f_48_719.85183703383_721.9854421768708_SZOSZ_2__resz_-_A_magyar_irasbeliseg_a_kodextol_az_SMS-ig;N
f_48_738.651872852742_739.8573330629403_SZOSZ_2__resz_-_A_magyar_irasbeliseg_a_kodextol_az_SMS-ig;N
f_48_776.086564631451_777.2071332775508_SZOSZ_2__resz_-_A_magyar_irasbeliseg_a_kodextol_az_SMS-ig;N
f_48_777.2071332775508_778.6163332415854_SZOSZ_2__resz_-_A_magyar_irasbeliseg_a_kodextol_az_SMS-ig;N
f_49_1009.8942967076281_1012.2503170186924_SZOSZ_3__resz_-_A_szleng_es_a_szaknyelvek;N
f_49_1067.0599491263958_1068.1375088768125_SZOSZ_3__resz_-_A_szleng_es_a_szaknyelvek;N
f_49_1068.1375088768125_1069.186735028816_SZOSZ_3__resz_-_A_szleng_es_a_szaknyelvek;N
f_49_1722.437681854963_1723.626445487321_SZOSZ_3__resz_-_A_szleng_es_a_szaknyelvek;N
f_49_1723.626445487321_1724.539763887791_SZOSZ_3__resz_-_A_szleng_es_a_szaknyelvek;N
f_49_1724.9123893625417_1726.1228986711012_SZOSZ_3__resz_-_A_szleng_es_a_szaknyelvek;N
f_49_1726.1228986711012_1727.5218705067418_SZOSZ_3__resz_-_A_szleng_es_a_szaknyelvek;N
f_49_1727.5218705067418_1728.3047148500018_SZOSZ_3__resz_-_A_szleng_es_a_szaknyelvek;N
f_49_1747.4665503213084_1750.5544363419451_SZOSZ_3__resz_-_A_szleng_es_a_szaknyelvek;N
f_49_2030.3535997061804_2033.2820174346716_SZOSZ_3__resz_-_A_szleng_es_a_szaknyelvek;N
f_49_2179.508675938038_2181.277324269107_SZOSZ_3__resz_-_A_szleng_es_a_szaknyelvek;J
f_49_2219.245317604481_2222.4926719172636_SZOSZ_3__resz_-_A_szleng_es_a_szaknyelvek;N
f_49_2264.7392876432473_2266.718144177599_SZOSZ_3__resz_-_A_szleng_es_a_szaknyelvek;N
f_49_2266.718144177599_2268.6462608008132_SZOSZ_3__resz_-_A_szleng_es_a_szaknyelvek;N
f_49_2269.8186026260123_2271.348048518863_SZOSZ_3__resz_-_A_szleng_es_a_szaknyelvek;N
f_5_1283.5753247610132_1285.951678004535_Beugro_2008_10_11_HUN_TVRip_XviD;J
f_5_1349.7026162596605_1351.2847845804988_Beugro_2008_10_11_HUN_TVRip_XviD;N
f_5_1627.177608946424_1628.697029478458_Beugro_2008_10_11_HUN_TVRip_XviD;A
f_5_1658.3468180046532_1660.211156462585_Beugro_2008_10_11_HUN_TVRip_XviD;A
f_5_1661.109984571447_1663.6409842503976_Beugro_2008_10_11_HUN_TVRip_XviD;A
f_5_1984.4196793714045_1986.2986621315192_Beugro_2008_10_11_HUN_TVRip_XviD;A
f_5_339.6372111217937_341.0983678888432_Beugro_2008_10_11_HUN_TVRip_XviD;A
f_50_1385.661321135684_1386.6906164758962_SZOSZ_4__resz_-_Nyelvunk_szuletese;N
f_50_1930.4399642974618_1932.1071328062562_SZOSZ_4__resz_-_Nyelvunk_szuletese;N
f_50_753.128400912464_755.6943907042607_SZOSZ_4__resz_-_Nyelvunk_szuletese;N
f_50_756.2656768232831_757.903851097142_SZOSZ_4__resz_-_Nyelvunk_szuletese;N
f_50_767.5011920877909_769.0958750092465_SZOSZ_4__resz_-_Nyelvunk_szuletese;N
f_50_769.0958750092465_770.4441069337498_SZOSZ_4__resz_-_Nyelvunk_szuletese;N
f_50_770.7446971177136_772.1944088644914_SZOSZ_4__resz_-_Nyelvunk_szuletese;N
f_51_1059.3350762124328_1059.9874464984828_SZOSZ_5__resz_-_Nyelvi_huncutsagok_I;N
f_51_1059.3350762124328_1059.9874464984828_SZOSZ_5__resz_-_Nyelvi_huncutsagok_I_;N
f_51_1061.308496327734_1062.2707424996577_SZOSZ_5__resz_-_Nyelvi_huncutsagok_I;N
f_51_1061.308496327734_1062.2707424996577_SZOSZ_5__resz_-_Nyelvi_huncutsagok_I_;N
f_51_1062.2707424996577_1063.2819164430352_SZOSZ_5__resz_-_Nyelvi_huncutsagok_I;N
f_51_1062.2707424996577_1063.2819164430352_SZOSZ_5__resz_-_Nyelvi_huncutsagok_I_;N
f_51_1290.046486385944_1291.873123186884_SZOSZ_5__resz_-_Nyelvi_huncutsagok_I;N
f_51_1290.046486385944_1291.873123186884_SZOSZ_5__resz_-_Nyelvi_huncutsagok_I_;N
f_51_1573.4780441854518_1575.3372995006941_SZOSZ_5__resz_-_Nyelvi_huncutsagok_I;N
f_51_1573.4780441854518_1575.3372995006941_SZOSZ_5__resz_-_Nyelvi_huncutsagok_I_;N
f_51_2585.139594488061_2586.2649332314972_SZOSZ_5__resz_-_Nyelvi_huncutsagok_I;J
f_51_2585.139594488061_2586.2649332314972_SZOSZ_5__resz_-_Nyelvi_huncutsagok_I_;J
f_51_2791.755085057388_2793.1087534009416_SZOSZ_5__resz_-_Nyelvi_huncutsagok_I;N
f_51_2791.755085057388_2793.1087534009416_SZOSZ_5__resz_-_Nyelvi_huncutsagok_I_;N
f_51_2794.2537162315393_2796.300528004021_SZOSZ_5__resz_-_Nyelvi_huncutsagok_I;N
f_51_2794.2537162315393_2796.300528004021_SZOSZ_5__resz_-_Nyelvi_huncutsagok_I_;N
f_51_513.0910390555631_516.0919423713931_SZOSZ_5__resz_-_Nyelvi_huncutsagok_I;N
f_51_513.0910390555631_516.0919423713931_SZOSZ_5__resz_-_Nyelvi_huncutsagok_I_;N
f_51_516.5975293430819_518.4730939154756_SZOSZ_5__resz_-_Nyelvi_huncutsagok_I;N
f_51_516.5975293430819_518.4730939154756_SZOSZ_5__resz_-_Nyelvi_huncutsagok_I_;N
f_51_521.4676364212239_522.4054187074208_SZOSZ_5__resz_-_Nyelvi_huncutsagok_I;N
f_51_521.4676364212239_522.4054187074208_SZOSZ_5__resz_-_Nyelvi_huncutsagok_I_;N
f_51_568.1082221030603_569.200942332194_SZOSZ_5__resz_-_Nyelvi_huncutsagok_I;N
f_51_568.1082221030603_569.200942332194_SZOSZ_5__resz_-_Nyelvi_huncutsagok_I_;N
f_51_640.2119260854739_641.2557185431539_SZOSZ_5__resz_-_Nyelvi_huncutsagok_I;N
f_51_640.2119260854739_641.2557185431539_SZOSZ_5__resz_-_Nyelvi_huncutsagok_I_;N
f_51_641.5492851718764_642.8703350011276_SZOSZ_5__resz_-_Nyelvi_huncutsagok_I;N
f_51_641.5492851718764_642.8703350011276_SZOSZ_5__resz_-_Nyelvi_huncutsagok_I_;N
f_51_722.7722985085161_725.4633259384724_SZOSZ_5__resz_-_Nyelvi_huncutsagok_I;N
f_51_722.7722985085161_725.4633259384724_SZOSZ_5__resz_-_Nyelvi_huncutsagok_I_;N
f_51_725.4633259384724_727.0290146249923_SZOSZ_5__resz_-_Nyelvi_huncutsagok_I;N
f_51_725.4633259384724_727.0290146249923_SZOSZ_5__resz_-_Nyelvi_huncutsagok_I_;N
f_51_727.0290146249923_728.2685181684874_SZOSZ_5__resz_-_Nyelvi_huncutsagok_I;N
f_51_727.0290146249923_728.2685181684874_SZOSZ_5__resz_-_Nyelvi_huncutsagok_I_;N
f_51_728.5947033115124_729.8342068550073_SZOSZ_5__resz_-_Nyelvi_huncutsagok_I;N
f_51_728.5947033115124_729.8342068550073_SZOSZ_5__resz_-_Nyelvi_huncutsagok_I_;N
f_51_729.8342068550073_730.9840094841704_SZOSZ_5__resz_-_Nyelvi_huncutsagok_I;N
f_51_729.8342068550073_730.9840094841704_SZOSZ_5__resz_-_Nyelvi_huncutsagok_I_;N
f_51_766.3792278765818_767.5698036486231_SZOSZ_5__resz_-_Nyelvi_huncutsagok_I;N
f_51_766.3792278765818_767.5698036486231_SZOSZ_5__resz_-_Nyelvi_huncutsagok_I_;N
f_51_767.8389063916187_771.4597278911565_SZOSZ_5__resz_-_Nyelvi_huncutsagok_I;N
f_51_767.8389063916187_771.4597278911565_SZOSZ_5__resz_-_Nyelvi_huncutsagok_I_;N
f_51_776.4025512719467_778.351507501521_SZOSZ_5__resz_-_Nyelvi_huncutsagok_I;N
f_51_776.4025512719467_778.351507501521_SZOSZ_5__resz_-_Nyelvi_huncutsagok_I_;N
f_51_807.3956525615981_809.7115670770756_SZOSZ_5__resz_-_Nyelvi_huncutsagok_I;N
f_51_807.3956525615981_809.7115670770756_SZOSZ_5__resz_-_Nyelvi_huncutsagok_I_;N
f_51_809.8719851879947_811.2827359315778_SZOSZ_5__resz_-_Nyelvi_huncutsagok_I;N
f_51_809.8719851879947_811.2827359315778_SZOSZ_5__resz_-_Nyelvi_huncutsagok_I_;N
f_51_816.197439745131_817.1923044313572_SZOSZ_5__resz_-_Nyelvi_huncutsagok_I;N
f_51_816.197439745131_817.1923044313572_SZOSZ_5__resz_-_Nyelvi_huncutsagok_I_;N
f_6_1564.372070161023_1565.1285614194003_Beugro_2008_10_18_HUN_SDTV_XviD;S
f_6_1612.0905014027276_1613.2394848772735_Beugro_2008_10_18_HUN_SDTV_XviD;S
f_6_1710.5970179949425_1711.5041102116893_Beugro_2008_10_18_HUN_SDTV_XviD;A
f_7_1181.5420151463368_1183.148654074087_Beugro_2008_10_25_HUN_SDTV_XviD;A
f_7_1289.4583223909244_1290.3280818104583_Beugro_2008_10_25_HUN_SDTV_XviD;A
f_7_1290.7871215041014_1291.9830407059603_Beugro_2008_10_25_HUN_SDTV_XviD;A
f_7_1450.4269004815487_1452.7834452621773_MTV_videotar_-_Derulatok__2009__majus_8;J
f_7_1450.4269004815487_1452.7834452621773_MTV_videotar_-_Derulatok__2009__majus_8_;J
f_7_1499.1587427604566_1501.3089813254153_Beugro_2008_10_25_HUN_SDTV_XviD;A
f_7_1568.762160565055_1569.6681599604028_Beugro_2008_10_25_HUN_SDTV_XviD;S
f_7_1576.8919951393095_1578.2207942524863_Beugro_2008_10_25_HUN_SDTV_XviD;S
f_7_1586.870344514143_1588.561543385459_Beugro_2008_10_25_HUN_SDTV_XviD;S
f_7_1921.343870905774_1922.7651448292636_Beugro_2008_10_25_HUN_SDTV_XviD;A
f_7_731.4003470368854_731.9379066781252_Beugro_2008_10_25_HUN_SDTV_XviD;A
n_1_1337.1957654433081_1338.8330215079982_Beugro_2008_09_13_srt;A
n_1_2015.8467008717544_2016.5736914378035_Beugro_2008_09_13_srt;A
n_1_2377.0271027208846_2378.9965078501678_Beugro_2008_09_13_srt;A
n_1_2387.240587277065_2388.4041771710663_Beugro_2008_09_13_srt;A
n_1_2388.4041771710663_2389.591564638819_Beugro_2008_09_13_srt;A
n_1_2426.682919575186_2429.0202841965124_Beugro_2008_09_13_srt;A
n_1_2429.3319711989284_2430.3328562852503_Beugro_2008_09_13_srt;A
n_1_2437.241152324194_2438.1252474977878_Beugro_2008_09_13_srt;A
n_1_2457.111073863203_2458.0689162506287_Beugro_2008_09_13_srt;A
n_1_253.81282905311767_254.86360533344114_Beugro_2008_09_13_srt;A
n_1_255.75202151948577_257.32903306267366_Beugro_2008_09_13_srt;A
n_1_260.0311563774859_261.13691513759426_Beugro_2008_09_13_srt;A
n_12_191.9059046094088_193.88143158272823_Beugro_2008_11_28_HUN_TVRip_XviD;N
n_12_5.059857507493573_6.384745071972309_CSA0002maptask63;J
n_12_576.370558493472_577.5984497698373_Beugro_2008_11_28_HUN_TVRip_XviD;A
n_13_0.16077029907420642_0.7257348732253476_CSA0002maptask8;J
n_13_109.13542107528369_111.42139521423738_RTL_Klub_-_A_kitoloncolt_gyerek_megrazo_tortenete;S
n_13_113.73913912983622_115.26330069967012_RTL_Klub_-_A_kitoloncolt_gyerek_megrazo_tortenete;S
n_13_224.68095050589176_226.62026408911427_RTL_Klub_-_A_kitoloncolt_gyerek_megrazo_tortenete;N
n_13_230.94502442728654_231.7189289088542_RTL_Klub_-_A_kitoloncolt_gyerek_megrazo_tortenete;N
n_13_232.20026899110337_234.01806796788483_RTL_Klub_-_A_kitoloncolt_gyerek_megrazo_tortenete;S
n_13_349.8728890392043_351.86658352738095_RTL_Klub_-_A_kitoloncolt_gyerek_megrazo_tortenete;S
n_13_351.86658352738095_352.9201139841827_RTL_Klub_-_A_kitoloncolt_gyerek_megrazo_tortenete;S
n_13_353.9507465515887_355.36427176121964_RTL_Klub_-_A_kitoloncolt_gyerek_megrazo_tortenete;S
n_13_356.04824941844777_357.0334477426161_RTL_Klub_-_A_kitoloncolt_gyerek_megrazo_tortenete;S
n_13_361.9833028902813_364.8325623582767_RTL_Klub_-_A_kitoloncolt_gyerek_megrazo_tortenete;S
n_13_368.81855269540597_370.51564131863176_RTL_Klub_-_A_kitoloncolt_gyerek_megrazo_tortenete;S
n_13_371.0451156874003_372.2896243930762_RTL_Klub_-_A_kitoloncolt_gyerek_megrazo_tortenete;S
n_13_468.3146446522674_469.73786931849446_RTL_Klub_-_A_kitoloncolt_gyerek_megrazo_tortenete;S
n_13_471.6462281936341_472.68444227546206_RTL_Klub_-_A_kitoloncolt_gyerek_megrazo_tortenete;S
n_14_604.7576821289663_606.8113510851209_RTL_Klub_-_Kiszel_Tunde_es_a_medve;A
n_15_1001.9335307316751_1004.6034944178051_Beugro_2009_02_13_HUN_SDTV_XviD-SRT;N
n_15_1004.6034944178051_1007.5380490998579_Beugro_2009_02_13_HUN_SDTV_XviD-SRT;N
n_15_160.2133736882913_163.12799943949372_RTL_Klub_-_Megolte_edesapjat__de_a_mai_napig_szereti;S
n_15_169.57077106558248_172.5105229008469_RTL_Klub_-_Megolte_edesapjat__de_a_mai_napig_szereti;S
n_15_173.0130445820887_174.94032021248373_RTL_Klub_-_Megolte_edesapjat__de_a_mai_napig_szereti;S
n_15_174.94032021248373_176.39274376417234_RTL_Klub_-_Megolte_edesapjat__de_a_mai_napig_szereti;S
n_15_197.14374536768113_199.43619047619046_RTL_Klub_-_Megolte_edesapjat__de_a_mai_napig_szereti;S
n_15_2428.670041002984_2429.8962907338837_Beugro_2009_02_13_HUN_SDTV_XviD-SRT;J
n_15_2444.6804143277486_2446.9646050029546_Beugro_2009_02_13_HUN_SDTV_XviD-SRT;J
n_15_800.3529629201771_802.7083446599327_Beugro_2009_02_13_HUN_SDTV_XviD-SRT ;N 
n_15_998.9658579463309_1001.9335307316751_Beugro_2009_02_13_HUN_SDTV_XviD-SRT;N
n_16_1.1654715009993215_2.2292557300548252_ME0008maptask4;J
n_16_408.2534387236424_410.26831578452277_Beugro_2009_02_20_HUN_SDTV_XviD-SRT;A
n_16_411.51243110697806_413.7293781967798_Beugro_2009_02_20_HUN_SDTV_XviD-SRT;A
n_17_1599.0503556087472_1600.313403260281_Beugro_2009_02_27_HUN_SDTV_XviD-SRT;N
n_17_1600.6291651731642_1602.0119845847573_Beugro_2009_02_27_HUN_SDTV_XviD-SRT;N
n_17_1684.0428729404568_1686.4165314579943_Beugro_2009_02_27_HUN_SDTV_XviD-SRT;N
n_17_1689.4007645928236_1691.578432957537_Beugro_2009_02_27_HUN_SDTV_XviD-SRT;N
n_17_1745.1929755847188_1746.4233582107818_Beugro_2009_02_27_HUN_SDTV_XviD-SRT;N
n_17_1758.1401367350456_1759.384129788388_Beugro_2009_02_27_HUN_SDTV_XviD-SRT;N
n_17_1761.7537051777417_1763.2169332194906_Beugro_2009_02_27_HUN_SDTV_XviD-SRT;N
n_17_1853.7698332400823_1854.607233314371_Beugro_2009_02_27_HUN_SDTV_XviD-SRT;J
n_17_1970.8242917597106_1973.7641440520736_Beugro_2009_02_27_HUN_SDTV_XviD-SRT;S
n_17_2172.3515555576614_2173.6363798928423_Beugro_2009_02_27_HUN_SDTV_XviD-SRT;A
n_17_2180.756504137192_2182.324425359786_Beugro_2009_02_27_HUN_SDTV_XviD-SRT;A
n_17_2277.1661626781056_2279.104287522701_Beugro_2009_02_27_HUN_SDTV_XviD-SRT;J
n_17_2302.5719800527436_2306.2413512472863_Beugro_2009_02_27_HUN_SDTV_XviD-SRT;A
n_17_561.4616241827285_564.2700783208751_Beugro_2009_02_27_HUN_SDTV_XviD-SRT;N
n_17_564.2700783208751_567.2339819500628_Beugro_2009_02_27_HUN_SDTV_XviD-SRT;N
n_18_1205.1458046327361_1206.462966502342_Beugro_2009_03_06_HUN_TVRiP_XviD-SRT;S
n_18_398.3730000033296_399.96062971711353_Beugro_2009_03_06_HUN_TVRiP_XviD-SRT;A
n_18_444.4319298161418_445.44844812122477_Beugro_2009_03_06_HUN_TVRiP_XviD-SRT;A
n_18_445.44844812122477_446.6609217622273_Beugro_2009_03_06_HUN_TVRiP_XviD-SRT;A
n_18_446.83238268115696_448.14283399011924_Beugro_2009_03_06_HUN_TVRiP_XviD-SRT;A
n_18_449.0947237551076_449.88782583065915_Beugro_2009_03_06_HUN_TVRiP_XviD-SRT;A
n_18_451.90519809652847_453.69164698697244_Beugro_2009_03_06_HUN_TVRiP_XviD-SRT;A
n_2_1768.9867135457105_1769.964179852988_Beugro_2008_09_20_HUN_SDTV_XviD;A
n_2_1771.4165309675725_1772.4582121112387_Beugro_2008_09_20_HUN_SDTV_XviD;A
n_2_1776.951078237744_1777.7705651085526_Beugro_2008_09_20_HUN_SDTV_XviD;A
n_2_1796.6294627791751_1798.0979189009963_Beugro_2008_09_20_HUN_SDTV_XviD;A
n_26_149.32046253711258_150.08428798082184_Beugro_2009_05_22_HUN_TVRip_XviD;A
n_26_526.4090677406754_527.5583096926783_Beugro_2009_05_22_HUN_TVRip_XviD;A
n_27_1378.53010555337_1379.9718683566046_Beugro_2009_05_29_HUN_TVRip_XviD;A
n_27_1694.9133379356888_1696.6334335058532_Beugro_2009_05_29_HUN_TVRip_XviD;S
n_27_1851.5133409070916_1853.082905302174_Beugro_2009_05_29_HUN_TVRip_XviD;A
n_27_2006.927911645667_2007.9855170680314_Beugro_2009_05_29_HUN_TVRip_XviD;A
n_27_2015.8049385217962_2017.2314760682414_Beugro_2009_05_29_HUN_TVRip_XviD;A
n_27_505.56715607977833_507.1799754867864_Beugro_2009_05_29_HUN_TVRip_XviD;A
n_27_592.4534452476764_594.5241786527154_Beugro_2009_05_29_HUN_TVRip_XviD;J
n_28_2038.1314713062313_2039.426614163374_Beugro_2009_06_05_HUN_TVRip_XviD;N
n_28_2525.5638363223043_2527.567642252223_Beugro_2009_06_05_HUN_TVRip_XviD;S
n_28_2586.2808325639044_2589.0910481973274_Beugro_2009_06_05_HUN_TVRip_XviD;S
n_28_2789.787405762365_2793.5017777300195_Beugro_2009_06_05_HUN_TVRip_XviD;A
n_28_2797.617300209071_2799.596669481308_Beugro_2009_06_05_HUN_TVRip_XviD;A
n_28_2812.678390989276_2814.8654718518096_Beugro_2009_06_05_HUN_TVRip_XviD;A
n_28_2815.146493415152_2816.0995230647472_Beugro_2009_06_05_HUN_TVRip_XviD;A
n_28_2816.588256218386_2817.9567090485743_Beugro_2009_06_05_HUN_TVRip_XviD;A
n_28_801.042924939975_803.1689141583039_Beugro_2009_06_05_HUN_TVRip_XviD;A
n_3_117.21847955965242_118.31667637059431_Gyerekek_es_szuleik_szemben_a_halallal;S
n_3_118.48082201467875_120.65465924510619_Gyerekek_es_szuleik_szemben_a_halallal;S
n_3_122.9554947973115_124.18178290269637_Gyerekek_es_szuleik_szemben_a_halallal;S
n_3_362.2541893153311_363.65252455990384_Gyerekek_es_szuleik_szemben_a_halallal;N
n_3_64.65313400299279_66.83731530224266_Gyerekek_es_szuleik_szemben_a_halallal;S
n_3_94.35647457771778_96.41439473231307_Gyerekek_es_szuleik_szemben_a_halallal;S
n_3_98.72382243378826_100.66933233928076_Gyerekek_es_szuleik_szemben_a_halallal;S
n_30_595.2826774471669_597.0162864060009_Beugro_2009_10_23_HUN_TVRip_XviD;J
n_31_1788.9407514882284_1790.170073405964_Beugro_2009_10_30_HUN_TVRip_XviD;S
n_31_1963.8941157987854_1965.5359967049972_Beugro_2009_10_30_HUN_TVRip_XviD;S
n_31_206.9274944773324_208.68693383043214_Beugro_2009_10_30_HUN_TVRip_XviD;J
n_31_276.2300996435752_277.15869263548893_Beugro_2009_10_30_HUN_TVRip_XviD;J
n_36_1486.1518326425796_1487.5007293929425_Beugro_2009_12_04_HUN_TVRip_XviD;J
n_38_1700.3488787343974_1701.705113235745_Beugro_2009_12_11_HUN_TVRip_XviD_22kHz_mono;N
n_38_1807.8206413596772_1808.3826844863618_Beugro_2009_12_11_HUN_TVRip_XviD_22kHz_mono;N
n_38_1814.6176875117317_1816.26235827664_Beugro_2009_12_11_HUN_TVRip_XviD_22kHz_mono;N
n_38_1850.6327628176475_1851.7446307421758_Beugro_2009_12_11_HUN_TVRip_XviD_22kHz_mono;N
n_38_2043.2322759878432_2043.8676290875737_Beugro_2009_12_11_HUN_TVRip_XviD_22kHz_mono;J
n_38_2109.4194367764326_2110.604614674007_Beugro_2009_12_11_HUN_TVRip_XviD_22kHz_mono;J
n_38_2137.2606743799565_2139.154515350307_Beugro_2009_12_11_HUN_TVRip_XviD_22kHz_mono;N
n_38_2139.5624021977514_2140.1244453244362_Beugro_2009_12_11_HUN_TVRip_XviD_22kHz_mono;N
n_39_213.3295643983641_214.96232423011458_SZOSZ_-_2009__december_6_2;S
n_39_229.13694558234414_230.29506592812064_SZOSZ_-_2009__december_6_2;J
n_39_249.29549799755293_250.0549211751113_SZOSZ_-_2009__december_6_2;J
n_39_254.4434333047124_256.5793109915953_SZOSZ_-_2009__december_6_2;J
n_39_2587.028379006616_2587.7887103374787_SZOSZ_-_2009__december_6_2;J
n_39_264.50198716302435_265.01459780787627_SZOSZ_-_2009__december_6_2;S
n_39_286.2864048136896_287.39172830897263_SZOSZ_-_2009__december_6_2;N
n_39_710.7408533329691_712.394573977595_SZOSZ_-_2009__december_6_2;N
n_39_712.8689822334493_714.8078271271486_SZOSZ_-_2009__december_6_2;N
n_39_714.8078271271486_715.7691669651288_SZOSZ_-_2009__december_6_2;N
n_39_716.6530521372564_718.5823928893199_SZOSZ_-_2009__december_6_2;J
n_39_720.4304609649604_722.3217851504808_SZOSZ_-_2009__december_6_2;J
n_39_749.7500334349318_751.261191955021_SZOSZ_-_2009__december_6_2;J
n_39_877.8733047155073_879.265391371339_SZOSZ_-_2009__december_6_2;N
n_39_879.265391371339_881.3535213550867_SZOSZ_-_2009__december_6_2;N
n_39_882.8118978516724_885.093463230791_SZOSZ_-_2009__december_6_2;N
n_39_885.093463230791_886.3805009455904_SZOSZ_-_2009__december_6_2;N
n_39_886.8172712167333_889.2147537906658_SZOSZ_-_2009__december_6_2;N
n_39_890.1469751781966_890.9785875713275_SZOSZ_-_2009__december_6_2;N
n_39_891.0783810585032_893.0823854736692_SZOSZ_-_2009__december_6_2;N
n_39_893.5353660521541_894.6655986509382_SZOSZ_-_2009__december_6_2;N
n_4_1082.0645004973228_1084.0542182590614_MTV_videotar_-_Derulatok__2009__januar_16;J
n_4_1082.0645004973228_1084.0542182590614_MTV_videotar_-_Derulatok__2009__januar_16_;J
n_4_1325.4794925305189_1327.54517115191_MTV_videotar_-_Derulatok__2009__januar_16;J
n_4_1325.4794925305189_1327.54517115191_MTV_videotar_-_Derulatok__2009__januar_16_;J
n_4_288.0339187762442_290.20613547526915_MTV_videotar_-_Derulatok__2009__januar_16;J
n_4_288.0339187762442_290.20613547526915_MTV_videotar_-_Derulatok__2009__januar_16_;J
n_4_292.62197228727405_294.123401892208_MTV_videotar_-_Derulatok__2009__januar_16;J
n_4_292.62197228727405_294.123401892208_MTV_videotar_-_Derulatok__2009__januar_16_;J
n_4_308.1677470300219_309.50387143688243_MTV_videotar_-_Derulatok__2009__januar_16;J
n_4_308.1677470300219_309.50387143688243_MTV_videotar_-_Derulatok__2009__januar_16_;J
n_42_1230.2706879000655_1231.4235496105691_SZOSZ_-_Kozhelyek_es_kozmondasok;A
n_42_1305.2858047542632_1306.5809476114062_SZOSZ_-_Kozhelyek_es_kozmondasok;N
n_42_2032.5174496407249_2034.985552066601_SZOSZ_-_Kozhelyek_es_kozmondasok;N
n_42_2360.575744246002_2362.1641269953284_SZOSZ_-_Kozhelyek_es_kozmondasok;N
n_42_2546.0325460800696_2547.620928829396_SZOSZ_-_Kozhelyek_es_kozmondasok;N
n_42_2547.620928829396_2548.8671983711747_SZOSZ_-_Kozhelyek_es_kozmondasok;N
n_42_2908.5782802284666_2910.0444796893835_SZOSZ_-_Kozhelyek_es_kozmondasok;J
n_42_2925.1532059542606_2927.5968717224546_SZOSZ_-_Kozhelyek_es_kozmondasok;N
n_42_2932.7530064933444_2934.219205954261_SZOSZ_-_Kozhelyek_es_kozmondasok;J
n_42_354.53895392762587_356.2250833076798_SZOSZ_-_Kozhelyek_es_kozmondasok;J
n_42_443.51837564906265_445.49774492129984_SZOSZ_-_Kozhelyek_es_kozmondasok;N
n_42_445.69323818275535_446.6218311746691_SZOSZ_-_Kozhelyek_es_kozmondasok;N
n_42_446.6218311746691_447.8681007164481_SZOSZ_-_Kozhelyek_es_kozmondasok;N
n_42_448.8944403390896_450.1407098808686_SZOSZ_-_Kozhelyek_es_kozmondasok;N
n_42_450.1407098808686_452.04676918006_SZOSZ_-_Kozhelyek_es_kozmondasok;N
n_42_533.069206807791_535.0485760800283_SZOSZ_-_Kozhelyek_es_kozmondasok;N
n_47_2227.504436755718_2228.2356299397406_SZOSZ_1__resz_-_A_nyelvi_magia;A
n_47_2232.3646440524662_2233.900987978685_SZOSZ_1__resz_-_A_nyelvi_magia;A
n_47_2233.900987978685_2235.055574073084_SZOSZ_1__resz_-_A_nyelvi_magia;A
n_47_2300.2214528715394_2301.5451233251274_SZOSZ_1__resz_-_A_nyelvi_magia;A
n_47_2301.7932214200077_2304.1185700263354_SZOSZ_1__resz_-_A_nyelvi_magia;A
n_47_2304.1185700263354_2305.553424739374_SZOSZ_1__resz_-_A_nyelvi_magia;A
n_47_2312.8933085717604_2314.3212488166873_SZOSZ_1__resz_-_A_nyelvi_magia;A
n_47_2314.3212488166873_2315.2590701176564_SZOSZ_1__resz_-_A_nyelvi_magia;A
n_47_335.12792799494065_337.19158034256253_SZOSZ_1__resz_-_A_nyelvi_magia;J
n_47_376.99588947545414_377.72566862571233_SZOSZ_1__resz_-_A_nyelvi_magia;A
n_47_403.2801579595264_404.55063954153246_SZOSZ_1__resz_-_A_nyelvi_magia;J
n_48_1573.4086339683117_1575.2592743764174_SZOSZ_2__resz_-_A_magyar_irasbeliseg_a_kodextol_az_SMS-ig;N
n_48_2507.4437478452696_2508.7651494071906_SZOSZ_2__resz_-_A_magyar_irasbeliseg_a_kodextol_az_SMS-ig;N
n_48_2509.62724026577_2510.8002491389193_SZOSZ_2__resz_-_A_magyar_irasbeliseg_a_kodextol_az_SMS-ig;N
n_48_406.3353626906478_408.2369337264534_SZOSZ_2__resz_-_A_magyar_irasbeliseg_a_kodextol_az_SMS-ig;N
n_48_421.0139386052385_422.0750831564693_SZOSZ_2__resz_-_A_magyar_irasbeliseg_a_kodextol_az_SMS-ig;N
n_48_423.19396868824657_424.2531796737849_SZOSZ_2__resz_-_A_magyar_irasbeliseg_a_kodextol_az_SMS-ig;N
n_48_442.58011332650415_444.10816148027646_SZOSZ_2__resz_-_A_magyar_irasbeliseg_a_kodextol_az_SMS-ig;N
n_49_1502.167497593666_1503.8491632199284_SZOSZ_3__resz_-_A_szleng_es_a_szaknyelvek;S
n_49_180.8976777650739_181.95816179224658_SZOSZ_3__resz_-_A_szleng_es_a_szaknyelvek;J
n_49_559.7833551033061_560.9422623914512_SZOSZ_3__resz_-_A_szleng_es_a_szaknyelvek;N
n_50_1065.2775468304335_1067.0606922789702_SZOSZ_4__resz_-_Nyelvunk_szuletese;N
n_50_1068.2272602281412_1069.7059662098548_SZOSZ_4__resz_-_Nyelvunk_szuletese;N
n_50_1069.7059662098548_1071.315146248778_SZOSZ_4__resz_-_Nyelvunk_szuletese;N
n_50_1072.5098084189149_1075.0033126233727_SZOSZ_4__resz_-_Nyelvunk_szuletese;N
n_50_1105.8858697795686_1107.7704950503798_SZOSZ_4__resz_-_Nyelvunk_szuletese;N
n_50_1170.9368312333372_1172.5460112722606_SZOSZ_4__resz_-_Nyelvunk_szuletese;N
n_50_1245.9629587458867_1247.383676257729_SZOSZ_4__resz_-_Nyelvunk_szuletese;N
n_50_1249.4626625934002_1251.0718426323235_SZOSZ_4__resz_-_Nyelvunk_szuletese;N
n_50_1268.9443376551637_1271.3798533897504_SZOSZ_4__resz_-_Nyelvunk_szuletese;N
n_50_792.7846619111367_795.2346747631912_SZOSZ_4__resz_-_Nyelvunk_szuletese;N
n_50_797.3213596645813_799.9018465738458_SZOSZ_4__resz_-_Nyelvunk_szuletese;N
n_50_974.0963827079903_976.198464740818_SZOSZ_4__resz_-_Nyelvunk_szuletese;N
n_51_385.4460914177554_386.63666718979664_SZOSZ_5__resz_-_Nyelvi_huncutsagok_I;J
n_51_385.4460914177554_386.63666718979664_SZOSZ_5__resz_-_Nyelvi_huncutsagok_I_;J
n_53_881.4304536764163_883.4953030839188_SZOSZ_7__resz_-_Nyelvi_forradalmak;N
n_53_883.4953030839188_886.2122101990536_SZOSZ_7__resz_-_Nyelvi_forradalmak;N
n_53_886.2122101990536_887.7880163258319_SZOSZ_7__resz_-_Nyelvi_forradalmak;N
n_7_0.9145026122604143_2.5526018880581023_CSA0002maptask128;N
n_7_1082.0355248053454_1083.9449303199062_MTV_videotar_-_Derulatok__2009__majus_8;N
n_7_1082.0355248053454_1083.9449303199062_MTV_videotar_-_Derulatok__2009__majus_8_;N
n_7_2.5526018880581023_3.4585917983984595_CSA0002maptask128;N
n_7_2087.8508501636798_2089.974628340641_Beugro_2008_10_25_HUN_SDTV_XviD;J
n_7_2331.768426594531_2333.355972570068_Beugro_2008_10_25_HUN_SDTV_XviD;A
n_7_3.4585917983984595_4.305886475828586_CSA0002maptask128;N
n_7_595.7048353753175_597.6159760714254_MTV_videotar_-_Derulatok__2009__majus_8;J
n_7_595.7048353753175_597.6159760714254_MTV_videotar_-_Derulatok__2009__majus_8_;J
n_7_608.1619356994703_609.9026562061163_MTV_videotar_-_Derulatok__2009__majus_8;N
n_7_608.1619356994703_609.9026562061163_MTV_videotar_-_Derulatok__2009__majus_8_;N
n_7_629.9891166469507_631.7480964596105_MTV_videotar_-_Derulatok__2009__majus_8;J
n_7_629.9891166469507_631.7480964596105_MTV_videotar_-_Derulatok__2009__majus_8_;J
